{"accuracy": 9, "_timestamp": 1693954731.094896, "_runtime": 0.6071410179138184, "_step": 9, "_wandb": {"runtime": 0}}