{"accuracy": 9, "_timestamp": 1693955019.330861, "_runtime": 5.2154459953308105, "_step": 9, "_wandb": {"runtime": 4}}